outcome,month,mmwr_week,age_group,vaccine_product,boosted_with_outcome,boosted_population,vaccinated_with_outcome,fully_vaccinated_population,unvaccinated_with_outcome,unvaccinated_population,crude_booster_ir,crude_vax_ir,crude_unvax_ir,crude_booster_irr,crude_irr,age_adj_booster_ir,age_adj_vax_ir,age_adj_unvax_ir,age_adj_booster_irr,age_adj_irr,continuity_correction
case,09 - SEP,202138,18-49,all_types,123,299803,42117,46694711,144745,31719506,41.02694103,90.19651069,456.3280399,11.12264352,5.059264892,,,,,,0
case,09 - SEP,202138,50-64,all_types,127,383885,22202,26596633,39565,8857107,33.08282428,83.47673181,446.7034213,13.50257818,5.351232752,,,,,,0
case,09 - SEP,202138,65+,all_types,230,879782,21218,25600335,20865,4572747.95,26.14283993,82.88172792,456.2901832,17.45373435,5.505316971,,,,,,1
case,09 - SEP,202138,all_ages,all_types,480,1563470,85537,98891679,205175,45149360.95,30.70094086,86.49564945,454.4361109,14.80202555,5.253860903,36.88764413,87.59338822,454.3770566,12.31786598,5.187344225,1
case,09 - SEP,202138,all_ages,Janssen,12,26188,8420,8395136,205175,45149360.95,45.82251413,100.2961715,454.4361109,9.917310727,4.530941751,48.76164987,99.46620752,454.3770566,9.31832819,4.568155034,1
case,09 - SEP,202138,all_ages,Moderna,175,691033,27522,39057618,205175,45149360.95,25.32440564,70.46512668,454.4361109,17.94459137,6.449092372,35.04998725,72.41705327,454.3770566,12.96368679,6.274448297,1
case,09 - SEP,202138,all_ages,Pfizer,293,842285,49468,51375844,205175,45149360.95,34.78632529,96.28649604,454.4361109,13.06364231,4.719624554,38.41000485,96.46244474,454.3770566,11.82965372,4.710403699,1
case,09 - SEP,202139,18-49,all_types,133,370091,40405,47516748,123512,31095175,35.93710736,85.03317609,397.206319,11.05281833,4.671192319,,,,,,0
case,09 - SEP,202139,50-64,all_types,144,467080,21369,26784211,34924,8681210,30.82983643,79.78207758,402.2941502,13.04885776,5.042412562,,,,,,0
case,09 - SEP,202139,65+,all_types,259,1112493,20192,25476167,18870,4423761.95,23.28104536,79.25839079,426.5600232,18.32220231,5.381891039,,,,,,1
case,09 - SEP,202139,all_ages,all_types,536,1949664,81966,99777126,177306,44200146.95,27.49191656,82.14908896,401.1434627,14.59132403,4.883115173,32.75032429,82.9889948,403.2322467,12.3123131,4.85886409,1
case,09 - SEP,202139,all_ages,Janssen,13,29912,7864,8463103,177306,44200146.95,43.4608184,92.92100073,401.1434627,9.230002505,4.317037694,42.41330905,92.37472548,403.2322467,9.507210253,4.365179377,1
case,09 - SEP,202139,all_ages,Moderna,190,813581,26656,39382187,177306,44200146.95,23.35354439,67.68542336,401.1434627,17.17698419,5.926585708,28.15839047,69.27756849,403.2322467,14.32014543,5.820531168,1
case,09 - SEP,202139,all_ages,Pfizer,332,1101463,47369,51868883,177306,44200146.95,30.14172968,91.32450375,401.1434627,13.30857476,4.392506351,34.78901372,91.24982085,403.2322467,11.59079271,4.418992201,1
case,10 - OCT,202140,18-49,all_types,174,450213,38691,48254081,109153,30556366,38.6483731,80.18181923,357.2185253,9.242782984,4.455106266,,,,,,0
case,10 - OCT,202140,50-64,all_types,154,560971,20342,26934979,31632,8527838,27.4523995,75.52261318,370.9263708,13.5116193,4.91146102,,,,,,0
case,10 - OCT,202140,65+,all_types,311,1431986,19361,25257566,17381,4307778.55,21.71808942,76.65425877,403.4794221,18.57803485,5.263626948,,,,,,1
case,10 - OCT,202140,all_ages,all_types,639,2443170,78394,100446626,158166,43391982.55,26.15454512,78.04542882,364.5051245,13.93658818,4.67042247,33.50367875,78.63985285,367.8647743,10.9798323,4.677841589,1
case,10 - OCT,202140,all_ages,Janssen,15,33149,7651,8526579,158166,43391982.55,45.25023379,89.73118058,364.5051245,8.055320247,4.062190223,41.76144708,89.73313144,367.8647743,8.808717129,4.099542369,1
case,10 - OCT,202140,all_ages,Moderna,218,934243,25872,39619967,158166,43391982.55,23.33440015,65.30040775,364.5051245,15.62093399,5.581973177,34.35489592,66.62579655,367.8647743,10.70778311,5.521356491,1
case,10 - OCT,202140,all_ages,Pfizer,404,1470391,44745,52237223,158166,43391982.55,27.47568504,85.65730992,364.5051245,13.26646174,4.255388417,32.6849089,85.39362766,367.8647743,11.25488143,4.307871492,1
case,10 - OCT,202141,18-49,all_types,180,699019,35238,48672571,93426,30083996,25.75037302,72.39806584,310.5505,12.06003889,4.28948614,,,,,,0
case,10 - OCT,202141,50-64,all_types,178,810700,18688,26884311,27738,8391623,21.95633403,69.51266112,330.5439246,15.05460448,4.755161423,,,,,,0
case,10 - OCT,202141,65+,all_types,437,2518317,17108,24284982,15735,4211228.55,17.35285907,70.44683006,373.6439334,21.53212516,5.303914074,,,,,,1
case,10 - OCT,202141,all_ages,all_types,795,4028036,71034,99841864,136899,42686847.55,19.73666571,71.14650824,320.705341,16.24921584,4.507675063,23.55400651,71.48287199,325.3327144,13.81220279,4.551198145,1
case,10 - OCT,202141,all_ages,Janssen,7,36408,7008,8585007,136899,42686847.55,19.22654362,81.63068475,320.705341,16.68034294,3.928735156,20.40080166,81.30451537,325.3327144,15.9470554,4.001410167,1
case,10 - OCT,202141,all_ages,Moderna,195,1035991,24079,39801639,136899,42686847.55,18.82255734,60.49750866,320.705341,17.03835113,5.301133024,22.21796448,61.39642159,325.3327144,14.64277768,5.298887231,1
case,10 - OCT,202141,all_ages,Pfizer,591,2948330,39844,51393739,136899,42686847.55,20.04524595,77.52695324,320.705341,15.99907239,4.136694757,24.14130853,77.32567447,325.3327144,13.47618395,4.207305227,1
case,10 - OCT,202142,18-49,all_types,211,1039110,33849,48927652,85258,29643962,20.30583865,69.18173797,287.6066296,14.16374052,4.157262279,,,,,,0
case,10 - OCT,202142,50-64,all_types,223,1163309,18179,26709039,25122,8256238,19.16945541,68.06310029,304.2790191,15.87311755,4.470543037,,,,,,0
case,10 - OCT,202142,65+,all_types,538,3627984,15634,23278909,14174,4110613.55,14.82917235,67.15950477,344.8147053,23.25245788,5.134265158,,,,,,1
case,10 - OCT,202142,all_ages,all_types,972,5830403,67662,98915600,124554,42010813.55,16.67123182,68.40377049,296.4808093,17.78397737,4.334275833,19.14374582,68.61140942,300.7157817,15.70830414,4.382883027,1
case,10 - OCT,202142,all_ages,Janssen,8,39844,6913,8638964,124554,42010813.55,20.07830539,80.02116921,296.4808093,14.76622671,3.705029709,19.16841665,79.48768689,300.7157817,15.68808667,3.783174395,1
case,10 - OCT,202142,all_ages,Moderna,198,1140067,23342,39906453,124554,42010813.55,17.36740034,58.4917933,296.4808093,17.07111044,5.068759096,19.65131794,58.94864715,300.7157817,15.30257577,5.101317779,1
case,10 - OCT,202142,all_ages,Pfizer,764,4640941,37212,50310300,124554,42010813.55,16.46217868,73.96497338,296.4808093,18.00981602,4.008394727,18.96560895,73.71071276,300.7157817,15.85584636,4.079675402,1
case,10 - OCT,202143,18-49,all_types,399,1396223,36938,49082210,88377,29193980,28.57709693,75.25740997,302.7233697,10.59321633,4.022505821,,,,,,0
case,10 - OCT,202143,50-64,all_types,316,1552331,19223,26471256,25790,8091051,20.35648325,72.6183903,318.7472184,15.65826545,4.389345688,,,,,,0
case,10 - OCT,202143,65+,all_types,720,4584307,15825,22409713,13981,3923378.55,15.70575444,70.61670089,356.3510332,22.68920189,5.046271331,,,,,,1
case,10 - OCT,202143,all_ages,all_types,1435,7532861,71986,97963179,128148,41208409.55,19.04986698,73.4827113,310.9753601,16.32427988,4.231952723,24.72464532,73.93406432,315.0918628,12.74403975,4.261795503,1
case,10 - OCT,202143,all_ages,Janssen,13,44812,7486,8690014,128148,41208409.55,29.01008658,86.14485546,310.9753601,10.71955988,3.609912147,35.04780331,85.75214849,315.0918628,8.990345559,3.67444861,1
case,10 - OCT,202143,all_ages,Moderna,262,1344563,25608,39897810,128148,41208409.55,19.48588501,64.18397401,310.9753601,15.95900623,4.845062415,27.86533578,65.03852467,315.0918628,11.30766431,4.84469573,1
case,10 - OCT,202143,all_ages,Pfizer,1158,6132473,38572,49316522,128148,41208409.55,18.88308355,78.2131392,310.9753601,16.46846286,3.97599896,24.09965377,78.12070325,315.0918628,13.07453899,4.033397674,1
case,11 - NOV,202144,18-49,all_types,646,1784424,43980,49151291,91671,28752576,36.20215823,89.47882976,318.8270853,8.806852985,3.563156627,,,,,,0
case,11 - NOV,202144,50-64,all_types,446,1992194,20421,26168490,26064,7932589,22.38737794,78.03660051,328.5686426,14.67651297,4.210442798,,,,,,0
case,11 - NOV,202144,65+,all_types,876,5525159,15167,21554626,13901,3770299.55,15.85474735,70.36540555,368.6974951,23.25470643,5.239755136,,,,,,1
case,11 - NOV,202144,all_ages,all_types,1968,9301777,79568,96874407,131636,40455464.55,21.1572477,82.13521245,325.3849671,15.3793618,3.961576982,29.94653871,83.91266373,329.2865779,10.99581428,3.924158325,1
case,11 - NOV,202144,all_ages,Janssen,19,73124,8809,8720202,131636,40455464.55,25.98326131,101.0183021,325.3849671,12.5228686,3.221049654,28.37011285,100.9062465,329.2865779,11.60681241,3.263292307,1
case,11 - NOV,202144,all_ages,Moderna,305,1716140,27781,39714176,131636,40455464.55,17.77244281,69.95235152,325.3849671,18.3083986,4.651522929,24.48421201,72.98904952,329.2865779,13.44893509,4.511451787,1
case,11 - NOV,202144,all_ages,Pfizer,1639,7500047,42678,48382328,131636,40455464.55,21.85319639,88.2098935,325.3849671,14.88958234,3.68875819,31.09966967,88.77944814,329.2865779,10.58810532,3.709040603,1
case,11 - NOV,202145,18-49,all_types,781,2455637,47934,48901293,99316,28346421,31.804375,98.02194801,350.3652189,11.01625858,3.574354785,,,,,,0
case,11 - NOV,202145,50-64,all_types,649,2804899,23151,25496653,28833,7779426,23.13808804,90.80015326,370.6314579,16.01824046,4.08183736,,,,,,0
case,11 - NOV,202145,65+,all_types,1179,7398534,15632,19821161,14897,3635336.15,15.9355894,78.86520875,409.7832879,25.7149753,5.195995729,,,,,,1
case,11 - NOV,202145,all_ages,all_types,2609,12659070,86717,94219107,143046,39761183.15,20.60972884,92.03759488,359.7629363,17.45597621,3.908869378,27.35151221,93.30109448,364.5767557,13.32930892,3.907529249,1
case,11 - NOV,202145,all_ages,Janssen,91,298238,9796,8563410,143046,39761183.15,30.51254367,114.393682,359.7629363,11.79065699,3.1449546,32.03742408,114.5184966,364.5767557,11.37971501,3.183562188,1
case,11 - NOV,202145,all_ages,Moderna,506,3517743,30211,38150935,143046,39761183.15,14.38422307,79.18809854,359.7629363,25.01093974,4.54314402,19.16272275,81.68342681,364.5767557,19.02531078,4.463289187,1
case,11 - NOV,202145,all_ages,Pfizer,2004,8827560,46503,47449733,143046,39761183.15,22.7016299,98.00476643,359.7629363,15.84744963,3.67087183,29.48112699,98.05729572,364.5767557,12.36644569,3.717997248,1
case,11 - NOV,202146,18-49,all_types,1235,3304496,51648,48441056,105040,27912726,37.3733241,106.6203016,376.3158066,10.06910184,3.529494862,,,,,,0
case,11 - NOV,202146,50-64,all_types,936,3752262,25484,24678257,31939,7607654,24.9449532,103.2649915,419.8271898,16.83014542,4.065532603,,,,,,0
case,11 - NOV,202146,65+,all_types,1596,9206012,16217,18125266,16907,3501138.15,17.33649706,89.47179037,482.9001106,27.85453768,5.397233124,,,,,,1
case,11 - NOV,202146,all_ages,all_types,3767,16262770,93349,91244579,153886,39021518.15,23.16333564,102.3063518,394.361899,17.02526377,3.854715685,31.45069425,103.0225612,403.254638,12.82180402,3.914236197,1
case,11 - NOV,202146,all_ages,Janssen,184,558578,10555,8380794,153886,39021518.15,32.94078893,125.9427209,394.361899,11.97184135,3.131279808,36.69289393,125.3511435,403.254638,10.98999274,3.217000074,1
case,11 - NOV,202146,all_ages,Moderna,920,5585492,31591,36298782,153886,39021518.15,16.47124372,87.03046841,394.361899,23.94244817,4.531308474,23.10957607,88.7388423,403.254638,17.449677,4.544285541,1
case,11 - NOV,202146,all_ages,Pfizer,2659,10099823,50949,46513103,153886,39021518.15,26.32719405,109.5368761,394.361899,14.97926054,3.600266075,34.5578278,109.2312954,403.254638,11.66898106,3.691750028,1
case,11 - NOV,202147,18-49,all_types,1457,4268195,46594,47819785,90686,27507008,34.1362098,97.43665723,329.6832574,9.657875299,3.383564942,,,,,,0
case,11 - NOV,202147,50-64,all_types,1036,4688062,22901,23855118,28489,7447047,22.09868385,96.00036353,382.5543199,17.31118118,3.984925742,,,,,,0
case,11 - NOV,202147,65+,all_types,1787,10649797,14281,16770614,15773,3415618.3,16.77966256,85.1549025,461.7904758,27.52084401,5.422946446,,,,,,1
case,11 - NOV,202147,all_ages,all_types,4280,19606054,83776,88445517,134948,38369673.3,21.8299919,94.72045938,351.704845,16.11108454,3.713082129,28.748911,95.05528314,362.8588312,12.62165482,3.817345225,1
case,11 - NOV,202147,all_ages,Janssen,224,796118,9492,8215344,134948,38369673.3,28.13653252,115.5398971,351.704845,12.49993562,3.044012103,30.60761293,114.9919039,362.8588312,11.85518231,3.155516334,1
case,11 - NOV,202147,all_ages,Moderna,1182,7448912,27727,34617528,134948,38369673.3,15.86808919,80.09526272,351.704845,22.1642846,4.391081732,20.79883929,81.29692946,362.8588312,17.44610967,4.463376829,1
case,11 - NOV,202147,all_ages,Pfizer,2864,11339576,46362,45563134,134948,38369673.3,25.25667626,101.7533166,351.704845,13.92522283,3.456446008,32.76539031,101.356926,362.8588312,11.07445471,3.580010223,1
case,12 - DEC,202148,18-49,all_types,2570,5450170,71018,46967307,137283,27055561,47.15449243,151.2073068,507.4113969,10.76061624,3.355733314,,,,,,0
case,12 - DEC,202148,50-64,all_types,1879,5813297,32812,22844857,40205,7262938.3,32.32244972,143.6297019,553.5638379,17.12629589,3.854104205,,,,,,1
case,12 - DEC,202148,65+,all_types,3119,12008418,18469,15497551,20657,3315911.3,25.97344629,119.1736681,622.9660003,23.9847263,5.227379588,,,,,,1
case,12 - DEC,202148,all_ages,all_types,7568,23271885,122299,85309715,198145,37634410.6,32.51992694,143.3588191,526.4995435,16.19005923,3.672599613,40.55140605,144.2220438,536.4111759,13.22793038,3.719342493,1
case,12 - DEC,202148,all_ages,Janssen,492,1037146,13657,8042639,198145,37634410.6,47.43787278,169.8074475,526.4995435,11.09871739,3.100568032,52.68600102,168.5459081,536.4111759,10.1812847,3.182582015,1
case,12 - DEC,202148,all_ages,Moderna,2119,9366462,39431,32875173,198145,37634410.6,22.62327013,119.9415741,526.4995435,23.27247743,4.38963343,27.92052041,122.6819626,536.4111759,19.21207657,4.372371982,1
case,12 - DEC,202148,all_ages,Pfizer,4940,12844412,68915,44344445,198145,37634410.6,38.46030476,155.408417,526.4995435,13.68942724,3.387844453,46.58106592,154.8400214,536.4111759,11.51564837,3.464292829,1
case,12 - DEC,202149,18-49,all_types,3388,6816539,65334,45887541,124851,26571964,49.70264235,142.3785162,469.8598869,9.453418665,3.300075738,,,,,,0
case,12 - DEC,202149,50-64,all_types,2230,7019048,29178,21741375,37680,7082495.3,31.77069027,134.2049433,532.0158843,16.7454934,3.964204828,,,,,,1
case,12 - DEC,202149,65+,all_types,3108,13022477,15465,14547439,19813,3231534.3,23.86642726,106.3073714,613.114334,25.68940577,5.767373665,,,,,,1
case,12 - DEC,202149,all_ages,all_types,8726,26858064,109977,82176355,182344,36885993.6,32.48931122,133.8304674,494.3448236,15.21561415,3.693813772,41.68063109,134.5853874,506.8093843,12.15935006,3.765708848,1
case,12 - DEC,202149,all_ages,Janssen,618,1253436,12236,7884389,182344,36885993.6,49.30447187,155.1927486,494.3448236,10.02636891,3.185360322,54.08458587,153.6820356,506.8093843,9.370680688,3.297778964,1
case,12 - DEC,202149,all_ages,Moderna,2602,11103694,35478,31282321,182344,36885993.6,23.43364289,113.4123008,494.3448236,21.09551749,4.35882898,32.84855229,116.3941516,506.8093843,15.42866729,4.354251285,1
case,12 - DEC,202149,all_ages,Pfizer,5492,14474644,62063,42964568,182344,36885993.6,37.94221122,144.4515862,494.3448236,13.02888808,3.422218035,46.09442366,143.8579286,506.8093843,10.99502595,3.522985415,1
case,12 - DEC,202150,18-49,all_types,14178,8267293,132127,44722614,178211,26118872,171.495071,295.4366666,682.3074136,3.97858323,2.309487924,,,,,,0
case,12 - DEC,202150,50-64,all_types,5895,8260479,38141,20604525,41627,6930280.65,71.36390033,185.1098242,600.6538855,8.416774907,3.244851472,,,,,,1
case,12 - DEC,202150,65+,all_types,5535,13959881,16208,13673916,19789,3158741.3,39.64933512,118.5322478,626.48372,15.80061098,5.285344128,,,,,,1
case,12 - DEC,202150,all_ages,all_types,25608,30487653,186476,79001055,239627,36207893.95,83.99465843,236.0424174,661.8087214,7.879176293,2.803770308,128.815687,243.0253242,656.3053254,5.094917713,2.700563522,1
case,12 - DEC,202150,all_ages,Janssen,1903,1468442,18086,7726156,239627,36207893.95,129.5931334,234.0879475,661.8087214,5.106819351,2.827179821,159.5267833,233.4297,656.3053254,4.114076092,2.811575928,1
case,12 - DEC,202150,all_ages,Moderna,7757,12836387,58168,29698064,239627,36207893.95,60.4297767,195.8646193,661.8087214,10.95169894,3.378908982,102.8921113,212.7804842,656.3053254,6.378577689,3.084424438,1
case,12 - DEC,202150,all_ages,Pfizer,15922,16154547,109996,41533681,239627,36207893.95,98.56048579,264.8356643,661.8087214,6.714746951,2.498941081,141.9861495,265.2259977,656.3053254,4.622319345,2.474513551,1
case,12 - DEC,202151,18-49,all_types,41732,10126663,291407,43178146,321663,25635468,412.100215,674.8946562,1254.757666,3.044787701,1.859190401,,,,,,0
case,12 - DEC,202151,50-64,all_types,20025,9723876,77386,19256456,64009,6780346.65,205.9363982,401.8704169,944.0372787,4.584120568,2.349108666,,,,,,1
case,12 - DEC,202151,65+,all_types,15866,14968851,26130,12733159,27403,3092768.3,105.9934393,205.2122337,886.0346894,8.359335211,4.317650432,,,,,,1
case,12 - DEC,202151,all_ages,all_types,77623,34819390,394923,75167761,413075,35508582.95,222.9303845,525.3888033,1163.310292,5.218267105,2.214189348,318.3271615,539.7615856,1129.198696,3.54728981,2.092032346,1
case,12 - DEC,202151,all_ages,Janssen,5244,1727780,32775,7528009,413075,35508582.95,303.5108637,435.374081,1163.310292,3.832845645,2.671978748,352.470616,432.89785,1129.198696,3.203667611,2.608464552,1
case,12 - DEC,202151,all_ages,Moderna,24421,14820280,124953,27876853,413075,35508582.95,164.7809623,448.232087,1163.310292,7.059737216,2.595330244,260.0076704,488.6546862,1129.198696,4.342943785,2.310831613,1
case,12 - DEC,202151,all_ages,Pfizer,47902,18240499,236900,39722254,413075,35508582.95,262.6134296,596.3911313,1163.310292,4.429744106,1.950582816,354.3043008,594.1970737,1129.198696,3.187087184,1.900377411,1
case,12 - DEC,202152,12-17,all_types,390,160832,68450,7764927,78468,6492747,242.4890569,881.5279268,1208.548554,4.983930284,1.370970241,,,,,,0
case,12 - DEC,202152,18-49,all_types,97797,11888361,596353,41696419,674988,25215098,822.628115,1430.225939,2676.919995,3.254107106,1.871676301,,,,,,0
case,12 - DEC,202152,50-64,all_types,61039,10960337,189845,18118582,151139,6653361.65,556.9080586,1047.791709,2271.618588,4.078983153,2.168005882,,,,,,1
case,12 - DEC,202152,65+,all_types,55295,15762207,69375,11994114,63407,3043282.3,350.8074726,578.4087095,2083.507008,5.939175106,3.602136299,,,,,,1
case,12 - DEC,202152,all_ages,all_types,214521,38771737,924023,79574042,968002,41404488.95,553.2922087,1161.211592,2337.915585,4.225462691,2.013341583,642.288838,1174.034916,2360.534032,3.675190805,2.010616549,1
case,12 - DEC,202152,all_ages,Janssen,13336,1960476,66860,7353301,968002,41404488.95,680.2429614,909.2515049,2337.915585,3.436883169,2.571252918,676.9055249,860.7087103,2360.534032,3.487242968,2.742546931,1
case,12 - DEC,202152,all_ages,Moderna,72037,16476381,286357,26384284,968002,41404488.95,437.2137304,1085.331707,2337.915585,5.347305957,2.154102353,549.6289688,1105.562999,2360.534032,4.294777324,2.135142036,1
case,12 - DEC,202152,all_ages,Pfizer,129035,20301993,570272,45795723,968002,41404488.95,635.5779947,1245.251658,2337.915585,3.678408636,1.877464342,702.5683527,1263.725423,2360.534032,3.35986388,1.867916867,1
case,01 - JAN,202201,12-17,all_types,1889,319747,134984,7660889,144293,6401133,590.7795851,1761.98872,2254.179065,3.815600812,1.279337966,,,,,,0
case,01 - JAN,202201,18-49,all_types,173299,13667404,753798,40166876,850405,24781961,1267.973055,1876.665738,3431.548456,2.706326008,1.828534718,,,,,,0
case,01 - JAN,202201,50-64,all_types,99532,12075481,239579,17089541,205077,6531329.65,824.2487401,1401.904241,3139.896637,3.809404229,2.239736885,,,,,,1
case,01 - JAN,202201,65+,all_types,82384,16440360,91113,11363677,90783,2992069.6,501.1082482,801.7915328,3034.120597,6.054820705,3.784176401,,,,,,1
case,01 - JAN,202201,all_ages,all_types,357104,42502992,1219474,76280983,1290558,40706493.25,840.1855568,1598.660573,3170.398374,3.773450219,1.983159169,1000.306693,1614.78349,3195.858497,3.19487865,1.979125076,1
case,01 - JAN,202201,all_ages,Janssen,22875,2196541,86737,7154563,1290558,40706493.25,1041.410108,1212.331207,3170.398374,3.044332247,2.615125598,1025.909943,1152.717162,3195.858497,3.115145262,2.772456767,1
case,01 - JAN,202201,all_ages,Moderna,123282,17992560,371417,25002044,1290558,40706493.25,685.1832091,1485.546542,3170.398374,4.627081242,2.134162939,868.0329097,1529.086301,3195.858497,3.681725037,2.090044554,1
case,01 - JAN,202201,all_ages,Pfizer,210787,22278967,760571,44085634,1290558,40706493.25,946.1255542,1725.212798,3170.398374,3.350927749,1.837685401,1074.405701,1707.649701,3195.858497,2.974536057,1.871495363,1
case,01 - JAN,202202,12-17,all_types,2581,477226,126053,7557344,157552,6311220,540.8339026,1667.953715,2496.379464,4.615796924,1.496671905,,,,,,0
case,01 - JAN,202202,18-49,all_types,149638,15067438,540167,38995374,692627,24341270,993.1217238,1385.207897,2845.484233,2.865191814,2.054192905,,,,,,1
case,01 - JAN,202202,50-64,all_types,88911,12879691,187640,16360006,182710,6415800.65,690.3193563,1146.943345,2847.812923,4.125355746,2.482958671,,,,,,1
case,01 - JAN,202202,65+,all_types,78930,16879939,80979,10960657,87452,2953857.6,467.5964765,738.8152006,2960.603111,6.33153426,4.007230913,,,,,,1
case,01 - JAN,202202,all_ages,all_types,320060,45304294,934839,73873381,1120341,40022148.25,706.4672501,1265.461236,2799.302509,3.962395296,2.212080805,811.147555,1272.790245,2827.226288,3.485464846,2.221282178,1
case,01 - JAN,202202,all_ages,Janssen,20395,2376004,66756,7004853,1120341,40022148.25,858.3739758,952.996444,2799.302509,3.261168893,2.937369312,820.0636724,931.0510633,2827.226288,3.447569235,3.036596379,1
case,01 - JAN,202202,all_ages,Moderna,113915,19107650,286304,23998778,1120341,40022148.25,596.1748305,1192.994077,2799.302509,4.695438931,2.346451306,718.3461687,1232.84948,2827.226288,3.935743533,2.29324531,1
case,01 - JAN,202202,all_ages,Pfizer,185562,23784520,581122,42832187,1120341,40022148.25,780.1797135,1356.741368,2799.302509,3.588022683,2.063254334,859.7051347,1319.2085,2827.226288,3.288599979,2.143123159,1
case,01 - JAN,202203,12-17,all_types,2680,688844,86858,7414449,115594,6225227,389.0576096,1171.469384,1856.864015,4.77272252,1.585072594,,,,,,0
case,01 - JAN,202203,18-49,all_types,130792,16464803,373096,37845230,508147,23990321,794.3733065,985.8468293,2118.133392,2.666420655,2.148542075,,,,,,1
case,01 - JAN,202203,50-64,all_types,74803,13636186,132192,15679913,140507,6337849.65,548.5624793,843.0659022,2216.950666,4.041382248,2.629629143,,,,,,1
case,01 - JAN,202203,65+,all_types,69402,17299640,64113,10578426,72723,2924036.6,401.1759782,606.073153,2487.075572,6.199462847,4.103589739,,,,,,1
case,01 - JAN,202203,all_ages,all_types,277677,48089473,656259,71518018,836971,39477434.25,577.4174319,917.6135166,2120.125119,3.671737295,2.310477212,647.7868652,921.3172029,2165.196139,3.342451438,2.350109314,1
case,01 - JAN,202203,all_ages,Janssen,17521,2557879,47518,6855223,836971,39477434.25,684.9815804,693.1649051,2120.125119,3.095156395,3.058615784,664.1266645,685.6939359,2165.196139,3.260215641,3.157671413,1
case,01 - JAN,202203,all_ages,Moderna,101504,20183202,207113,23050113,836971,39477434.25,502.9132642,898.533556,2120.125119,4.215687416,2.359539168,595.3586458,908.9208991,2165.196139,3.636792973,2.382161244,1
case,01 - JAN,202203,all_ages,Pfizer,158431,25311175,401056,41576177,836971,39477434.25,625.9330118,964.6293357,2120.125119,3.387143799,2.197865067,679.7960952,939.8025152,2165.196139,3.185067044,2.303884172,1
case,01 - JAN,202204,12-17,all_types,2777,1064876,46578,7113838,66388,6146438,260.781537,654.7520481,1080.105258,4.141801103,1.649640136,,,,,,0
case,01 - JAN,202204,18-49,all_types,91235,17824015,209826,36733078,322402,23671819,511.8655926,571.2181266,1361.965466,2.660787296,2.384317659,,,,,,1
case,01 - JAN,202204,50-64,all_types,52507,14336448,78734,15055288,96094,6258793.65,366.2483204,522.9657513,1535.343796,4.192084197,2.935840047,,,,,,1
case,01 - JAN,202204,65+,all_types,51746,17691313,44632,10223096,55411,2895872.6,292.4938358,436.5800732,1913.447435,6.541838498,4.382809828,,,,,,1
case,01 - JAN,202204,all_ages,all_types,198265,50916652,379770,69125300,540295,38972923.25,389.3912742,549.3936374,1386.334293,3.560260296,2.523389786,425.9573676,550.6099224,1448.244251,3.399974648,2.630254546,1
case,01 - JAN,202204,all_ages,Janssen,11920,2736751,28005,6710929,540295,38972923.25,435.5529604,417.3043702,1386.334293,3.182929331,3.32211784,445.1973094,389.5216746,1448.244251,3.253039092,3.718006842,1
case,01 - JAN,202204,all_ages,Moderna,73396,21185158,123070,22170170,540295,38972923.25,346.4500949,555.1152743,1386.334293,4.001541097,2.497380918,391.2610951,549.8612632,1448.244251,3.701477784,2.633835747,1
case,01 - JAN,202204,all_ages,Pfizer,112735,26956395,228283,40208800,540295,38972923.25,418.2124501,567.743877,1386.334293,3.314904405,2.441830461,447.0466895,557.6659948,1448.244251,3.239581649,2.596974291,1
case,02 - FEB,202205,12-17,all_types,2117,1382342,22789,6863716,33354,6085860,153.145893,332.0213132,548.0573,3.578661428,1.650669033,,,,,,0
case,02 - FEB,202205,18-49,all_types,55325,18837013,105981,35927116,173972,23426380,293.703678,294.9888881,742.632878,2.528510651,2.517494414,,,,,,1
case,02 - FEB,202205,50-64,all_types,31712,14834488,40985,14618248,55215,6204865.65,213.7721234,280.3687555,889.866165,4.162685717,3.173913453,,,,,,1
case,02 - FEB,202205,65+,all_types,33974,17967487,26935,9975428,35799,2876542.6,189.0859863,270.0134771,1244.514856,6.581740301,4.609084218,,,,,,1
case,02 - FEB,202205,all_ages,all_types,123128,53021330,196690,67384508,298340,38593648.25,232.2235221,291.8920177,773.0287587,3.328813342,2.648338125,248.6742332,292.3756156,825.6716114,3.320294189,2.824009826,1
case,02 - FEB,202205,all_ages,Janssen,7177,2869309,14630,6603655,298340,38593648.25,250.1299093,221.5439783,773.0287587,3.090509091,3.489279034,236.1478579,213.2092488,825.6716114,3.496417959,3.872588155,1
case,02 - FEB,202205,all_ages,Moderna,46284,21894277,64394,21563396,298340,38593648.25,211.3977091,298.6264316,773.0287587,3.65675088,2.58861466,234.912347,290.7234456,825.6716114,3.514807212,2.840058564,1
case,02 - FEB,202205,all_ages,Pfizer,69489,28218628,117375,39182810,298340,38593648.25,246.2522274,299.5573824,773.0287587,3.139174686,2.580569881,258.4344543,296.4900868,825.6716114,3.194897576,2.784820296,1
case,02 - FEB,202206,12-17,all_types,1531,1591100,12244,6725354,17577,6022556,96.22273899,182.0573311,291.8528279,3.033096241,1.603081986,,,,,,0
case,02 - FEB,202206,18-49,all_types,36493,19626677,59180,35342865,99231,23199749,185.9357037,167.4453953,427.7244551,2.300389041,2.554411571,,,,,,1
case,02 - FEB,202206,50-64,all_types,20134,15215636,23581,14293513,32456,6154612.65,132.3244063,164.9769374,527.3443163,3.985238484,3.19647294,,,,,,1
case,02 - FEB,202206,65+,all_types,23175,18185453,17161,9782918,23893,2856668.6,127.4370234,175.4180092,836.393833,6.563193415,4.768004361,,,,,,1
case,02 - FEB,202206,all_ages,all_types,81333,54618866,112166,66144650,173157,38233586.25,148.9100854,169.576829,452.8923833,3.04138153,2.670720912,157.9880682,169.7320676,494.0138259,3.126905922,2.910550922,1
case,02 - FEB,202206,all_ages,Janssen,4629,2971799,8648,6522364,173157,38233586.25,155.7642357,132.5899628,452.8923833,2.907550512,3.41573656,145.9250095,122.2050739,494.0138259,3.385395195,4.042498483,1
case,02 - FEB,202206,all_ages,Moderna,30632,22431635,36654,21121331,173157,38233586.25,136.5571435,173.5401997,452.8923833,3.316504517,2.60972607,146.5509909,162.8370205,494.0138259,3.370934736,3.033793079,1
case,02 - FEB,202206,all_ages,Pfizer,45955,29175791,66654,38466806,173157,38233586.25,157.5107252,173.2766687,452.8923833,2.875311396,2.613695119,164.7162759,172.7647538,494.0138259,2.999180397,2.859459554,1
case,02 - FEB,202207,12-17,all_types,1028,1729194,6274,6651620,8889,5979912,59.44966268,94.32288676,148.6476724,2.500395557,1.575944901,,,,,,0
case,02 - FEB,202207,18-49,all_types,22577,20186925,31825,34982238,56373,23021558,111.839718,90.97473981,244.8704818,2.189476924,2.691631571,,,,,,1
case,02 - FEB,202207,50-64,all_types,12122,15485120,12413,14075048,18331,6118558.65,78.28160195,88.19152873,299.5967032,3.827166227,3.397114298,,,,,,1
case,02 - FEB,202207,65+,all_types,14265,18341368,9746,9648638,14463,2842993.6,77.77500566,101.0090751,508.724325,6.540974451,5.036421971,,,,,,1
case,02 - FEB,202207,all_ages,all_types,49992,55742607,60258,65357544,98056,37963022.25,89.68364182,92.19746691,258.2934503,2.880050866,2.801524369,95.1263434,92.34956522,285.0504638,2.996546,3.086646517,1
case,02 - FEB,202207,all_ages,Janssen,2803,3047788,4771,6463719,98056,37963022.25,91.96833901,73.81199585,258.2934503,2.808504025,3.499342448,93.92922286,74.9076712,285.0504638,3.034736743,3.805357439,1
case,02 - FEB,202207,all_ages,Moderna,18923,22804303,20026,20840467,98056,37963022.25,82.97995339,96.0918966,258.2934503,3.112721082,2.687983685,88.37317735,91.77672854,285.0504638,3.225531461,3.105912232,1
case,02 - FEB,202207,all_ages,Pfizer,28182,29850506,35342,38019559,98056,37963022.25,94.41045991,92.957417,258.2934503,2.735856287,2.778621208,99.14122073,93.15164048,285.0504638,2.875196227,3.060069177,1
death,09 - SEP,202138,18-49,all_types,0,303923,35,43956753,586,30352665,0,0.079623716,1.930637722,,24.2470187,,,,,,0
death,09 - SEP,202138,50-64,all_types,2,378212,114,24780663,1162,8425822,0.528803951,0.460036118,13.79093933,26.07949373,29.97794912,,,,,,0
death,09 - SEP,202138,65+,all_types,13,853866,931,23767413,2014,4492169.95,1.522487135,3.917128044,44.83356646,29.44758312,11.44551977,,,,,,1
death,09 - SEP,202138,all_ages,all_types,15,1536001,1080,92504829,3762,43270656.95,0.976561864,1.167506617,8.694113437,8.902777955,7.446735896,0.36606909,0.809885162,11.63185873,31.7750366,14.36235565,1
death,09 - SEP,202138,all_ages,Janssen,0,32279,87,7857353,3762,43270656.95,0,1.107243114,8.694113437,,7.852036585,0,1.213062575,11.63185873,,9.58883652,1
death,09 - SEP,202138,all_ages,Moderna,9,676920,408,36506014,3762,43270656.95,1.329551498,1.117624071,8.694113437,6.539132519,7.779103599,0.372442496,0.665553704,11.63185873,31.23128765,17.4769649,1
death,09 - SEP,202138,all_ages,Pfizer,6,822838,583,48078381,3762,43270656.95,0.72918363,1.212603228,8.694113437,11.92307819,7.169792423,0.349600496,0.914418567,11.63185873,33.27185988,12.7204971,1
death,09 - SEP,202139,18-49,all_types,3,372704,35,44741860,447,29765382,0.804928308,0.07822652,1.501744543,1.865687328,19.19738403,,,,,,0
death,09 - SEP,202139,50-64,all_types,3,458208,112,24959794,904,8259106,0.654724492,0.448721652,10.94549459,16.71771061,24.39261519,,,,,,0
death,09 - SEP,202139,65+,all_types,19,1077882,774,23647660,1704,4349796.95,1.762716141,3.273051118,39.17424238,22.22379512,11.96872306,,,,,,1
death,09 - SEP,202139,all_ages,all_types,25,1908794,921,93349314,3055,42374284.95,1.309727503,0.986616784,7.209561185,5.504626853,7.307357121,0.937661951,0.697056586,9.824156194,10.47729001,14.09377142,1
death,09 - SEP,202139,all_ages,Janssen,0,36117,63,7920344,3055,42374284.95,0,0.795419997,7.209561185,,9.063842011,0,0.830256984,9.824156194,,11.83266914,1
death,09 - SEP,202139,all_ages,Moderna,9,794202,363,36819344,3055,42374284.95,1.133212961,0.985894806,7.209561185,6.362053235,7.312708357,0.777289928,0.584377306,9.824156194,12.63898559,16.81132393,1
death,09 - SEP,202139,all_ages,Pfizer,16,1073767,495,48546673,3055,42374284.95,1.490081181,1.019637329,7.209561185,4.838368053,7.070711299,1.107129322,0.78776382,9.824156194,8.873539882,12.47094109,1
death,10 - OCT,202140,18-49,all_types,1,450834,17,45438893,370,29251697,0.221811132,0.0374129,1.26488388,5.702526592,33.8087784,,,,,,0
death,10 - OCT,202140,50-64,all_types,4,548336,98,25102889,727,8112629,0.729479735,0.390393313,8.961336701,12.2845588,22.95463679,,,,,,0
death,10 - OCT,202140,65+,all_types,20,1384385,696,23437950,1531,4240592.55,1.444684824,2.969542985,36.10344502,24.99053387,12.15791292,,,,,,1
death,10 - OCT,202140,all_ages,all_types,25,2383555,811,93979732,2628,41604918.55,1.048853498,0.862952025,6.316560858,6.022348086,7.319712658,0.532595535,0.607975881,8.751746901,16.43225736,14.3948916,1
death,10 - OCT,202140,all_ages,Janssen,0,39447,64,7977600,2628,41604918.55,0,0.80224629,6.316560858,,7.873593109,0,0.87239052,8.751746901,,10.03191426,1
death,10 - OCT,202140,all_ages,Moderna,7,909610,308,37047286,2628,41604918.55,0.769560581,0.831369942,6.316560858,8.208009888,7.597773917,0.756546632,0.495819461,8.751746901,11.56802043,17.65107581,1
death,10 - OCT,202140,all_ages,Pfizer,18,1429111,437,48891989,2628,41604918.55,1.259524278,0.893806959,6.316560858,5.015037002,7.067030297,0.457439298,0.692118964,8.751746901,19.13203992,12.64485927,1
death,10 - OCT,202141,18-49,all_types,0,689771,21,45829842,323,28800538,0,0.0458217,1.121506827,,24.475467,,,,,,0
death,10 - OCT,202141,50-64,all_types,8,783259,92,25057056,677,7982916,1.021373518,0.367162048,8.480610343,8.303142971,23.09773134,,,,,,0
death,10 - OCT,202141,65+,all_types,24,2411943,650,22520294,1386,4149575.55,0.99504839,2.886285588,33.40100652,33.56721828,11.57231518,,,,,,1
death,10 - OCT,202141,all_ages,all_types,32,3884973,763,93407192,2386,40933029.55,0.823686548,0.816853589,5.829033488,7.076761786,7.135958718,0.375780926,0.594384373,8.104486539,21.56705137,13.63509356,1
death,10 - OCT,202141,all_ages,Janssen,0,42794,75,8030273,2386,40933029.55,0,0.933965757,5.829033488,,6.241164031,0,1.017719608,8.104486539,,7.963378594,1
death,10 - OCT,202141,all_ages,Moderna,8,1006442,301,37221441,2386,40933029.55,0.794879387,0.808673689,5.829033488,7.333230152,7.2081404,0.280321324,0.487000386,8.104486539,28.9114164,16.64164296,1
death,10 - OCT,202141,all_ages,Pfizer,24,2828430,387,48093999,2386,40933029.55,0.848527275,0.804674196,5.829033488,6.869588828,7.243967202,0.424774131,0.66506336,8.104486539,19.07952003,12.18603674,1
death,10 - OCT,202142,18-49,all_types,1,1011887,20,46070341,291,28379895,0.098825264,0.0434119,1.025373773,10.37562391,23.61965968,,,,,,0
death,10 - OCT,202142,50-64,all_types,5,1110334,82,24898165,563,7853325,0.45031495,0.32934154,7.168937998,15.91983121,21.76748794,,,,,,0
death,10 - OCT,202142,65+,all_types,22,3443134,640,21588862,1233,4053870.55,0.638952768,2.964491598,30.41537673,47.60191716,10.25989642,,,,,,1
death,10 - OCT,202142,all_ages,all_types,28,5565355,742,92557368,2087,40287090.55,0.50311256,0.801664974,5.180319481,10.29654176,6.461950627,0.261805862,0.598546555,7.270780011,27.77164707,12.14739264,1
death,10 - OCT,202142,all_ages,Janssen,0,46338,68,8080368,2087,40287090.55,0,0.841545831,5.180319481,,6.155718789,0,0.944102162,7.270780011,,7.701264016,1
death,10 - OCT,202142,all_ages,Moderna,11,1106395,296,37319919,2087,40287090.55,0.994219967,0.793142129,5.180319481,5.210435974,6.531388629,0.727754191,0.47991623,7.270780011,9.990708539,15.15010236,1
death,10 - OCT,202142,all_ages,Pfizer,16,4403071,377,47097198,2087,40287090.55,0.363382739,0.800472249,5.180319481,14.25582155,6.471579106,0.152495984,0.70268913,7.270780011,47.67850166,10.3470791,1
death,10 - OCT,202143,18-49,all_types,0,1350315,17,46211861,270,27950454,0,0.0367871,0.965995043,,26.25907567,,,,,,0
death,10 - OCT,202143,50-64,all_types,6,1472350,72,24678505,528,7694110,0.407511801,0.291751871,6.862392142,16.83973845,23.52133039,,,,,,0
death,10 - OCT,202143,65+,all_types,30,4329495,650,20786013,1209,3874284.55,0.692921461,3.127102826,31.20576159,45.03506293,9.979128709,,,,,,1
death,10 - OCT,202143,all_ages,all_types,36,7152160,739,91676379,2007,39518848.55,0.503344444,0.80609641,5.078589265,10.08968972,6.300225632,0.200315091,0.614481147,7.306151603,36.47329597,11.88995242,1
death,10 - OCT,202143,all_ages,Janssen,1,51416,65,8127858,2007,39518848.55,1.944919869,0.799718696,5.078589265,2.611207456,6.350469598,2.50173201,0.886417362,7.306151603,2.920437351,8.242338111,1
death,10 - OCT,202143,all_ages,Moderna,16,1307477,332,37304615,2007,39518848.55,1.223730895,0.889970316,5.078589265,4.15008666,5.706470399,0.5316001,0.542918748,7.306151603,13.7436987,13.45717316,1
death,10 - OCT,202143,all_ages,Pfizer,19,5782254,341,46185073,2007,39518848.55,0.328591584,0.73833379,5.078589265,15.45562794,6.878446215,0.117333636,0.681260946,7.306151603,62.26817678,10.72445389,1
death,11 - NOV,202144,18-49,all_types,2,1717808,18,46270487,276,27527568,0.116427447,0.0389017,1.002631253,8.611639939,25.77346465,,,,,,0
death,11 - NOV,202144,50-64,all_types,4,1882017,98,24397524,599,7541698,0.212537931,0.401680105,7.942508438,37.36983976,19.77321839,,,,,,0
death,11 - NOV,202144,65+,all_types,40,5202021,663,19995990,1252,3729366.55,0.768931921,3.315664791,33.57138493,43.65976235,10.12508412,,,,,,1
death,11 - NOV,202144,all_ages,all_types,46,8801846,779,90664001,2127,38798632.55,0.522617642,0.859216438,5.482151973,10.48979509,6.380408626,0.24694596,0.67012418,7.950162026,32.19393437,11.86371461,1
death,11 - NOV,202144,all_ages,Janssen,1,79194,75,8155107,2127,38798632.55,1.262721923,0.91966911,5.482151973,4.341535434,5.961004791,1.475458237,0.967357779,7.950162026,5.388266388,8.218429832,1
death,11 - NOV,202144,all_ages,Moderna,8,1669181,371,37119436,2127,38798632.55,0.479276963,0.999476393,5.482151973,11.43837989,5.485023971,0.384120446,0.603272968,7.950162026,20.69705509,13.17838268,1
death,11 - NOV,202144,all_ages,Pfizer,36,7041005,330,45331757,2127,38798632.55,0.511290647,0.727966489,5.482151973,10.72218318,7.530775185,0.216758032,0.70075521,7.950162026,36.67758901,11.34513438,1
death,11 - NOV,202145,18-49,all_types,1,2360733,19,46021199,280,27138707,0.0423597,0.0412853,1.0317367,24.35654875,24.99039999,,,,,,0
death,11 - NOV,202145,50-64,all_types,3,2649927,93,23762669,611,7394091,0.113210666,0.391370178,8.263355158,72.99095981,21.11391112,,,,,,0
death,11 - NOV,202145,65+,all_types,35,6957707,707,18375996,1373,3601280.15,0.503039292,3.847410502,38.12533163,75.78996764,9.909348536,,,,,,1
death,11 - NOV,202145,all_ages,all_types,39,11968367,819,88159864,2264,38134078.15,0.325858991,0.928994174,5.936946977,18.21937443,6.39072574,0.135113232,0.760076593,8.808645392,65.1945426,11.58915492,1
death,11 - NOV,202145,all_ages,Janssen,0,297707,70,8000418,2264,38134078.15,0,0.874954284,5.936946977,,6.78543678,0,0.990229801,8.808645392,,8.895556754,1
death,11 - NOV,202145,all_ages,Moderna,11,3383657,419,35630138,2264,38134078.15,0.325092053,1.175970747,5.936946977,18.26235654,5.048549883,0.085260552,0.745794266,8.808645392,103.3144305,11.81109295,1
death,11 - NOV,202145,all_ages,Pfizer,28,8271474,328,44474279,2264,38134078.15,0.338512821,0.73750493,5.936946977,17.53832234,8.050043789,0.156152985,0.737664481,8.808645392,56.41035536,11.94126276,1
death,11 - NOV,202146,18-49,all_types,2,3167621,26,45578965,330,26722259,0.063138867,0.0570439,1.234925535,19.5588803,21.64870298,,,,,,0
death,11 - NOV,202146,50-64,all_types,9,3537658,110,22996749,704,7228063,0.254405598,0.47832848,9.739815494,38.28459578,20.3621902,,,,,,0
death,11 - NOV,202146,65+,all_types,59,8621307,742,16819335,1580,3473413.15,0.684350992,4.4115894,45.48839806,66.4693974,10.31111328,,,,,,1
death,11 - NOV,202146,all_ages,all_types,70,15326586,878,85395049,2614,37423735.15,0.456722717,1.028162651,6.984872006,15.29346307,6.79354769,0.207554465,0.883598552,10.48818049,50.53218445,11.86984798,1
death,11 - NOV,202146,all_ages,Janssen,0,544956,112,7826208,2614,37423735.15,0,1.431088977,6.984872006,,4.880809033,0,1.664741049,10.48818049,,6.300187347,1
death,11 - NOV,202146,all_ages,Moderna,20,5309379,400,33907869,2614,37423735.15,0.376691888,1.179667174,6.984872006,18.54266637,5.921053124,0.223234258,0.792592675,10.48818049,46.98284487,13.23274971,1
death,11 - NOV,202146,all_ages,Pfizer,50,9453374,364,43609072,2614,37423735.15,0.528911688,0.834688709,6.984872006,13.20612148,8.368235885,0.221130046,0.865540834,10.48818049,47.42992039,12.11748779,1
death,11 - NOV,202147,18-49,all_types,4,4081138,20,44987152,320,26332038,0.098011878,0.0444571,1.215249651,12.39900383,27.33531039,,,,,,0
death,11 - NOV,202147,50-64,all_types,14,4410560,129,22230186,660,7072936,0.31742001,0.580292041,9.331344155,29.39746663,16.08042761,,,,,,0
death,11 - NOV,202147,65+,all_types,71,9935895,738,15589727,1463,3392834.3,0.71458082,4.733886616,43.12029031,60.34347562,9.108855747,,,,,,1
death,11 - NOV,202147,all_ages,all_types,89,18427593,887,82807065,2443,36797808.3,0.482971379,1.07116464,6.638982355,13.74611964,6.197910298,0.24732252,0.951175307,9.990090681,40.39296816,10.50289112,1
death,11 - NOV,202147,all_ages,Janssen,2,768664,94,7669988,2443,36797808.3,0.260191709,1.225556024,6.638982355,25.51573366,5.417118616,0.316617685,1.428280451,9.990090681,31.55253529,6.994488144,1
death,11 - NOV,202147,all_ages,Moderna,38,7030285,394,32358742,2443,36797808.3,0.540518628,1.217599868,6.638982355,12.28261528,5.452515664,0.355757276,0.852296163,9.990090681,28.08119849,11.72138409,1
death,11 - NOV,202147,all_ages,Pfizer,48,10607196,398,42728824,2443,36797808.3,0.452522985,0.931455544,6.638982355,14.67103898,7.127535391,0.176656686,0.991001913,9.990090681,56.55087791,10.08079859,1
death,12 - DEC,202148,18-49,all_types,0,5205629,32,44172838,337,25899350,0,0.072442708,1.301190957,,17.96165542,,,,,,0
death,12 - DEC,202148,50-64,all_types,11,5463832,130,21285916,859,6895163.3,0.201323906,0.610732467,12.45800807,61.88042102,20.39847025,,,,,,1
death,12 - DEC,202148,65+,all_types,104,11174719,794,14432733,1942,3297651.3,0.930672172,5.501383556,58.89039875,63.27727479,10.70465241,,,,,,1
death,12 - DEC,202148,all_ages,all_types,115,21844180,956,79891487,3138,36092164.6,0.526456017,1.196623115,8.694407872,16.51497483,7.265786333,0.199138634,1.105571885,13.36088305,67.09337485,12.08504235,1
death,12 - DEC,202148,all_ages,Janssen,3,995546,111,7507095,3138,36092164.6,0.301342178,1.478601243,8.694407872,28.8522766,5.880157285,0.272244209,1.731029582,13.36088305,49.07683108,7.718460265,1
death,12 - DEC,202148,all_ages,Moderna,41,8808400,408,30746496,3138,36092164.6,0.465464784,1.326980479,8.694407872,18.67898105,6.552023942,0.157635802,0.974049108,13.36088305,84.75792197,13.71684748,1
death,12 - DEC,202148,all_ages,Pfizer,71,12016369,437,41590438,3138,36092164.6,0.590860683,1.050722284,8.694407872,14.71481876,8.274696374,0.234872248,1.140848223,13.36088305,56.88574607,11.71135895,1
death,12 - DEC,202149,18-49,all_types,2,6509692,17,43139579,335,25435222,0.0307234,0.039407,1.317071264,42.86864137,33.42229404,,,,,,0
death,12 - DEC,202149,50-64,all_types,14,6591299,126,20255708,866,6721788.3,0.212401228,0.622046882,12.88347626,60.65631729,20.71142327,,,,,,1
death,12 - DEC,202149,65+,all_types,108,12095870,733,13572587,1964,3217967.3,0.892866739,5.400591648,61.03231689,68.35546027,11.30104271,,,,,,1
death,12 - DEC,202149,all_ages,all_types,124,25196861,876,76967874,3165,35374977.6,0.492124793,1.138137192,8.947002132,18.18035235,7.86109284,0.214224536,1.069959857,13.82151158,64.51880754,12.91778518,1
death,12 - DEC,202149,all_ages,Janssen,4,1198804,114,7357996,3165,35374977.6,0.333665887,1.5493349,8.947002132,26.81425486,5.774737359,0.318903838,1.834451098,13.82151158,43.3406875,7.534412664,1
death,12 - DEC,202149,all_ages,Moderna,44,10426516,382,29265394,3165,35374977.6,0.422000983,1.305295941,8.947002132,21.20137747,6.854385929,0.192260798,0.981694895,13.82151158,71.88939046,14.07923344,1
death,12 - DEC,202149,all_ages,Pfizer,75,13545251,376,40299407,3165,35374977.6,0.553699596,0.93301621,8.947002132,16.15858528,9.589331924,0.223139765,1.035970034,13.82151158,61.94105096,13.3416133,1
death,12 - DEC,202150,18-49,all_types,3,7876860,24,42041536,309,25003543,0.0380862,0.0570864,1.235824859,32.44806466,21.64832304,,,,,,0
death,12 - DEC,202150,50-64,all_types,17,7742512,120,19203885,737,6578926.55,0.219566983,0.624873561,11.20243545,51.02058288,17.92752351,,,,,,1
death,12 - DEC,202150,65+,all_types,137,12953743,559,12775766,1663,3149528.3,1.057609372,4.375471498,52.80155762,49.9253874,12.06762692,,,,,,1
death,12 - DEC,202150,all_ages,all_types,157,28573115,703,74021187,2709,34731997.85,0.549467568,0.949728083,7.799724081,14.19505816,8.212586554,0.24834427,0.907083196,12.02944581,48.43858815,13.2616786,1
death,12 - DEC,202150,all_ages,Janssen,6,1398911,86,7210483,2709,34731997.85,0.428905055,1.192707895,7.799724081,18.18519969,6.539509057,0.374366188,1.445674287,12.02944581,32.13283193,8.320993131,1
death,12 - DEC,202150,all_ages,Moderna,52,12039124,296,27793803,2709,34731997.85,0.431925113,1.064985601,7.799724081,18.05804719,7.3237836,0.155098664,0.819090673,12.02944581,77.55995755,14.68634207,1
death,12 - DEC,202150,all_ages,Pfizer,99,15106803,320,38973747,2709,34731997.85,0.655333892,0.821065524,7.799724081,11.9019086,9.499514781,0.309314853,0.909413281,12.02944581,38.89061803,13.22769974,1
death,12 - DEC,202151,18-49,all_types,3,9634626,35,40581741,281,24540218,0.0311377,0.086245684,1.145059103,36.774054,13.27671198,,,,,,0
death,12 - DEC,202151,50-64,all_types,28,9092817,136,17963132,708,6446832.55,0.307935374,0.757106277,10.98213727,35.66377301,14.50541039,,,,,,1
death,12 - DEC,202151,65+,all_types,186,13875782,716,11918968,1760,3087194.3,1.340464991,6.007231499,57.00969324,42.52978899,9.490177505,,,,,,1
death,12 - DEC,202151,all_ages,all_types,217,32603225,887,70463841,2749,34074244.85,0.665578329,1.25880166,8.067676957,12.12130355,6.4090136,0.309997693,1.229938645,12.64447443,40.78893067,10.28057333,1
death,12 - DEC,202151,all_ages,Janssen,6,1640410,140,7025560,2749,34074244.85,0.365762218,1.992723712,8.067676957,22.05716326,4.048567752,0.331843669,2.463924907,12.64447443,38.10370845,5.131842448,1
death,12 - DEC,202151,all_ages,Moderna,87,13879483,359,26108142,2749,34074244.85,0.626824501,1.375049975,8.067676957,12.87071094,5.867188178,0.24178645,1.08348129,12.64447443,52.29604225,11.67022868,1
death,12 - DEC,202151,all_ages,Pfizer,124,17052501,387,37289494,2749,34074244.85,0.727166062,1.037825828,8.067676957,11.09468301,7.773632855,0.37226238,1.168116636,12.64447443,33.96656531,10.82466771,1
death,12 - DEC,202152,12-17,all_types,0,158901,0,7325570,2,6153306,0,0,0.0325029,,,,,,,,0
death,12 - DEC,202152,18-49,all_types,8,11279416,93,39200936,384,24133545,0.070925658,0.237239233,1.591146265,22.43400081,6.706927196,,,,,,0
death,12 - DEC,202152,50-64,all_types,62,10217425,311,16931731,884,6336321.55,0.606806509,1.836787981,13.95131218,22.99136868,7.595494048,,,,,,1
death,12 - DEC,202152,65+,all_types,501,14590645,1595,11255770,2541,3040139.3,3.433707009,14.17050988,83.58169641,24.34153415,5.898284332,,,,,,1
death,12 - DEC,202152,all_ages,all_types,571,36246387,1999,74714007,3811,39663311.85,1.575329425,2.675535793,9.608375656,6.099280253,3.591196828,0.673715796,2.628301491,16.17820332,24.0133947,6.155383381,1
death,12 - DEC,202152,all_ages,Janssen,22,1854464,265,6864791,3811,39663311.85,1.186326615,3.860277756,9.608375656,8.099266705,2.489037386,0.992506557,4.404096068,16.17820332,16.30034905,3.673444691,1
death,12 - DEC,202152,all_ages,Moderna,201,15395806,741,24746834,3811,39663311.85,1.305550356,2.994322425,9.608375656,7.359636197,3.208864742,0.514322124,2.142627857,16.17820332,31.45539063,7.550636131,1
death,12 - DEC,202152,all_ages,Pfizer,347,18963230,989,43061648,3811,39663311.85,1.829857044,2.29670727,9.608375656,5.250888688,4.183543886,0.81118945,2.808996405,16.17820332,19.9438039,5.759424713,1
death,01 - JAN,202201,12-17,all_types,0,312055,1,7223903,4,6063403,0,0.0138429,0.065969555,,4.76557669,,,,,,0
death,01 - JAN,202201,18-49,all_types,16,12941677,116,37773421,444,23717792,0.123631582,0.30709424,1.872012369,15.14186214,6.095888909,,,,,,0
death,01 - JAN,202201,50-64,all_types,115,11239279,431,15991263,1055,6226739.55,1.023197307,2.69522176,16.9430565,16.55893384,6.286331148,,,,,,1
death,01 - JAN,202201,65+,all_types,850,15206682,2289,10685159,3643,2991129.3,5.589648024,21.42223621,121.7934644,21.78911157,5.685375852,,,,,,1
death,01 - JAN,202201,all_ages,all_types,981,39699693,2837,71673746,5146,38999063.85,2.471051854,3.958213653,13.19518853,5.339907581,3.333622105,1.107731376,3.931003566,22.71209271,20.50324944,5.777683059,1
death,01 - JAN,202201,all_ages,Janssen,63,2073126,371,6679798,5146,38999063.85,3.038889098,5.554060168,13.19518853,4.342109273,2.375773422,2.267825586,6.347188365,22.71209271,10.01492039,3.578291899,1
death,01 - JAN,202201,all_ages,Moderna,341,16796233,1084,23473266,5146,38999063.85,2.030217133,4.618019495,13.19518853,6.499397684,2.857326294,0.839847548,3.328240048,22.71209271,27.04311368,6.824054869,1
death,01 - JAN,202201,all_ages,Pfizer,575,20795410,1376,41481940,5146,38999063.85,2.765033245,3.317106191,13.19518853,4.772162705,3.977921649,1.303807311,4.120927717,22.71209271,17.4198231,5.511402836,1
death,01 - JAN,202202,12-17,all_types,0,463011,4,7123685,1,5975298,0,0.0561507,0.0167356,,0.298047269,,,,,,0
death,01 - JAN,202202,18-49,all_types,16,14249275,81,36681874,352,23318763.55,0.112286415,0.220817508,1.509513998,13.44342505,6.836024973,,,,,,1
death,01 - JAN,202202,50-64,all_types,94,11978369,340,15323004,972,6121497.55,0.784747907,2.218886062,15.87846752,20.23384501,7.156053567,,,,,,1
death,01 - JAN,202202,65+,all_types,907,15604375,2239,10322247,3751,2950178.3,5.812472464,21.69101359,127.1448577,21.87448774,5.861637452,,,,,,1
death,01 - JAN,202202,all_ages,all_types,1017,42295030,2664,69450810,5076,38365737.4,2.404537838,3.835808394,13.23055503,5.50232765,3.449222086,1.092176218,3.84163008,23.1268796,21.17504412,6.020069378,1
death,01 - JAN,202202,all_ages,Janssen,58,2238619,310,6541720,5076,38365737.4,2.59088304,4.738814868,13.23055503,5.106581358,2.791954402,2.051787322,5.472773867,23.1268796,11.2715774,4.22580581,1
death,01 - JAN,202202,all_ages,Moderna,391,17828421,1122,22547063,5076,38365737.4,2.193127479,4.976257883,13.23055503,6.032734148,2.658735809,0.898275242,3.568493485,23.1268796,25.74587223,6.480852411,1
death,01 - JAN,202202,all_ages,Pfizer,567,22191870,1228,40324464,5076,38365737.4,2.554989733,3.045297763,13.23055503,5.178320234,4.344585017,1.220448663,3.820103827,23.1268796,18.9494899,6.053992417,1
death,01 - JAN,202203,12-17,all_types,0,664924,1,6986455,1,5890534,0,0.0143134,0.0169764,,1.186047818,,,,,,0
death,01 - JAN,202203,18-49,all_types,21,15548894,75,35615398,274,23000706.55,0.135057838,0.210583074,1.191267753,8.820426672,5.656996684,,,,,,1
death,01 - JAN,202203,50-64,all_types,102,12671934,295,14701630,813,6050424.55,0.804928435,2.006580223,13.4370736,16.69350096,6.696504555,,,,,,1
death,01 - JAN,202203,65+,all_types,794,15985726,1816,9976501,3295,2918440.3,4.966931123,18.2027747,112.9027721,22.73089142,6.202503406,,,,,,1
death,01 - JAN,202203,all_ages,all_types,917,44871478,2187,67279984,4383,37860105.4,2.043614431,3.250595303,11.57682989,5.664879694,3.561449154,0.979618515,3.260818687,20.33264215,20.75567361,6.235440883,1
death,01 - JAN,202203,all_ages,Janssen,50,2405073,248,6404768,4383,37860105.4,2.078938976,3.872115274,11.57682989,5.568624201,2.989794744,1.709394672,4.568090799,20.33264215,11.89464462,4.451015324,1
death,01 - JAN,202203,all_ages,Moderna,374,18821542,892,21674605,4383,37860105.4,1.987084799,4.115415252,11.57682989,5.826037168,2.813040528,0.866418655,2.966313706,20.33264215,23.46745656,6.85451512,1
death,01 - JAN,202203,all_ages,Pfizer,490,23607646,1044,39164106,4383,37860105.4,2.075598728,2.665706195,11.57682989,5.577585754,4.342875413,1.06021446,3.34823881,20.33264215,19.17785779,6.072637975,1
death,01 - JAN,202204,12-17,all_types,0,1016968,0,6706330,3,5812786,0,0,0.0516104,,,,,,,,0
death,01 - JAN,202204,18-49,all_types,17,16797753,45,34601421,191,22706886.55,0.101204012,0.130052462,0.841154509,8.311473925,6.467809174,,,,,,1
death,01 - JAN,202204,50-64,all_types,63,13311381,214,14133868,616,5976369.55,0.473279219,1.514093665,10.30726087,21.77839309,6.807545073,,,,,,1
death,01 - JAN,202204,65+,all_types,629,16342862,1194,9654016,2448,2888822.3,3.84877508,12.36790989,84.74041481,22.01750246,6.851635849,,,,,,1
death,01 - JAN,202204,all_ages,all_types,709,47468964,1453,65095635,3258,37384864.4,1.493607486,2.232100509,8.714756767,5.834703459,3.904285104,0.729906672,2.234520214,15.27531013,20.9277579,6.836058153,1
death,01 - JAN,202204,all_ages,Janssen,42,2566650,165,6275200,3258,37384864.4,1.636374262,2.629398266,8.714756767,5.325650108,3.31435404,1.345856191,3.155611687,15.27531013,11.34988287,4.840681188,1
death,01 - JAN,202204,all_ages,Moderna,270,19741366,629,20869753,3258,37384864.4,1.367686512,3.013931214,8.714756767,6.371896405,2.891491593,0.588152964,2.167458368,15.27531013,25.97166227,7.047567952,1
death,01 - JAN,202204,all_ages,Pfizer,397,25122600,657,37915281,3258,37384864.4,1.580250452,1.732810578,8.714756767,5.514794669,5.02926106,0.830689776,2.160246153,15.27531013,18.38870607,7.071097018,1
